Ticker,TradeValueUSD,PriceUSD
USDCHF Curncy,507.16,0.054
CADUSD Curncy,104.34,2.342
NXR LN Equity,10.54,0.22
LEM1S FH Equity,11439.87,6.438
RWA LN Equity,46.43,5.481
3107 JP Equity,4821.33,8.279
HILS LN Equity,-9461.49,9.876
SAVE IM Equity,-848.7,4.483
TRE CN Equity,-191.82,3.103
ESLRQ US Equity,723.37,7.118
ZIOC LN Equity,-17.45,6.498
DNDL LN Equity,17310.76,5.1
VLRT SW Equity,-217.64,3.27
USDCAD Curncy,44.48,0.881
IRP LN Equity,0,8.775
FCPT LN Equity,-1187.64,2.817
JPR LN Equity,10381.82,5.84
3167 JP Equity,793.26,9.627
CHBT US Equity,89.96,3.912
GBPAUD Curncy,194.62,8.678
FMCC US Equity,-2163.89,0.031
CHEME SP Equity,551.04,4.816
GBPUSD Curncy,-9856.69,1.51
GUOL SP Equity,0,9.359
PXP PM Equity,762,8.997
EONR RM Equity,24.92,8.849
CWK LN Equity,-2088.54,8.261
PGC US Equity,-600.4,9.857
660 HK Equity,2508.24,9.505
HRG LN Equity,-333.26,4.488
8714 JP Equity,-1059.17,9.795
TRE CN Equity,2018.35,3.361
BSK PW Equity,121.72,8.918
MCT LN Equity,128.1,0.981
VLX LN Equity,430.16,7.609
ETG GR Equity,0,5.383
PER LN Equity,0,8.812
7279 JP Equity,1461.46,1.312
IPR PL Equity,44.93,1.862
WWI NO Equity,0,2.425
MSLH LN Equity,596.29,6.452
HMV LN Equity,-279.84,7.111
CED IM Equity,197.23,3.177
ITT US Equity,-37485.14,2.698
XLS US Equity,-96570.66,6.075
JNS US Equity,27080,4.85
TEL US Equity,-2166.37,5.917
MOS US Equity,-47386.59,1.662
RECN US Equity,-224420,6.742
VRTU US Equity,-302616,9.252
IRBT US Equity,-5052.41,6.627
ORIT US Equity,-976.98,8.677
PAY US Equity,-63446.85,0.067
IPAR US Equity,-12759.1,8.986
HWKN US Equity,-3538.63,1.094
EK US Equity,-27239.92,0.86
FELE US Equity,-32503.03,7.018
CBE US Equity,40280,5.949
CLMS US Equity,-32422.4,6.342
TNC US Equity,-148330,8.106
MEAS US Equity,-10567.96,4.827
SIG US Equity,36960,9.875
ACC US Equity,24162.65,4.067
OPNT US Equity,-3355.77,7.233
SRCL US Equity,4504.33,6.842
EI FP Equity,-16580.49,7.132
AGK LN Equity,174.8,4.914
SZU GR Equity,4073.52,4.893
AXP US Equity,-24933.7,7.042
SSE LN Equity,17663.6,3.045
SHP LN Equity,8883.6,1.823
ROST US Equity,32622.34,2.284
HUSQB SS Equity,448590.95,5.141
AVY US Equity,1726.91,3.204
GE US Equity,-15501.75,9.482
ALU FP Equity,5983.62,2.116
UPM1V FH Equity,142.75,3.011
ULE LN Equity,-3323.14,3.332
SCHW US Equity,35997.56,2.204
SAND SS Equity,31769.89,2.669
GXZ1 Index,-3401.59,0.997
LH US Equity,10134.71,1.557
JNPR US Equity,6143.36,5.148
VMC US Equity,330.89,6.697
MOBB BB Equity,35279.64,8.671
PRU LN Equity,-1868.83,6.323
WPP LN Equity,-23719.75,6.222
FUR NA Equity,-6870.06,2.59
GNW US Equity,-64233.04,3.429
ROP US Equity,-1622.23,5.789
PGS NO Equity,682.4,2.015
BZU IM Equity,-343.1,5.335
KR US Equity,7379.28,7.958
IBE SM Equity,-4603.19,9.756
INTC US Equity,1219.09,7.365
AES US Equity,-7132.98,4.023
HOT GR Equity,4034.9,9.845
DOW US Equity,53628.45,3.762
MAERSKB DC Equity,762.79,3.295
EMC US Equity,-595.38,4.374
ASML NA Equity,1711.87,8.944
STMN SW Equity,35926.26,4.552
NEX FP Equity,27095.14,9.301
CARLB DC Equity,-304.31,7.155
LO US Equity,-17624.03,2.182
HSP US Equity,4980.59,0.359
SW FP Equity,-10446.21,5.21
SSABA SS Equity,157.3,6.538
PEP US Equity,6928.64,6.152
HEI GR Equity,5389.88,2.699
CABK SM Equity,37.89,9.767
BTU US Equity,20566.88,5.29
HON US Equity,-822.8,0.231
HIG US Equity,8377.64,9.989
IGT US Equity,12926.56,9.336
VTR US Equity,8927.62,3.783
TDC US Equity,2274.43,9.601
TLW LN Equity,670.37,5.573
UBI IM Equity,1424.33,2.606
BES PL Equity,12209.98,7.765
ETN US Equity,4905.99,1.77
POP SM Equity,-14089,5.073
SU FP Equity,-5611.6,9.488
XLNX US Equity,1180.14,6.328
HEN3 GR Equity,7157.58,9.603
ADBE US Equity,1939.81,2.414
CSM NA Equity,5314.49,9.27
DTE US Equity,6232.67,6.363
SOLB BB Equity,-2633.28,9.287
FCX US Equity,-116.92,6.816
G1A GR Equity,-404.24,0.112
WAG US Equity,-9362.97,7.332
WLP US Equity,-1371.38,1.732
SYK US Equity,-26437.35,0.93
GCI US Equity,1482.69,8.958
CNE LN Equity,-11108.62,5.697
LONN VX Equity,8304.13,4.083
FLIR US Equity,862.82,9.896
AKSO NO Equity,0,3.718
EDP PL Equity,6.61,4.567
LAND LN Equity,3693.85,7.703
VIAB US Equity,-28335.52,5.038
WKL NA Equity,19744.56,9.414
POM US Equity,-7165.26,6.456
COL US Equity,-5559.71,7.372
SAP GR Equity,-8474.29,6.979
STERV FH Equity,9780.79,3.517
UL FP Equity,-30011.64,2.67
AKS US Equity,3139.95,9.865
ROK US Equity,-792.1,8.444
AGS LN Equity,3275.65,4.93
DUK US Equity,28620.28,1.163
YTY1V FH Equity,-2689.86,0.49
NEM US Equity,-1138.37,3.353
DOV US Equity,302.16,0.029
BIG US Equity,-240.17,7.003
EBAY US Equity,-1614.08,1.489
AIV US Equity,-4448.74,5.226
TAP US Equity,-183.03,9.911
DPW GR Equity,-7105.89,5.897
DTE GR Equity,-7393.88,4.618
SAB LN Equity,17469.49,6.582
MF FP Equity,2094.64,1.669
DG FP Equity,-2005.8,2.859
ALFA SS Equity,3529.53,7.005
SZG GR Equity,3850.16,4.34
RRC US Equity,35459.6,3.679
CSX US Equity,1448.16,9.919
MHP US Equity,1591.75,4.969
STM IM Equity,-1297.41,9.486
FDX US Equity,13160.16,3.64
ECL US Equity,1947.96,0.074
EMG LN Equity,1081.14,6.684
PPHN SW Equity,8171.31,9.129
RL US Equity,4871.21,7.149
JBL US Equity,-1047.93,3.232
SEBA SS Equity,800.39,9.759
A2A IM Equity,-858.51,1.446
GNK LN Equity,10047.55,2.692
MWV US Equity,5758.2,7.308
RCF FP Equity,42997.62,7.052
CPW LN Equity,6926.52,5.467
KSS US Equity,-8195.62,0.88
PAYX US Equity,-1452.65,2.079
FDO US Equity,-9401.26,0.114
BBVA SM Equity,-1456.19,0.816
INVEB SS Equity,601.33,6.375
TEL2B SS Equity,7126.42,9.596
PFG US Equity,16315.34,8.486
TSCO LN Equity,-4076.16,0.597
BB FP Equity,6047.5,2.175
PNW US Equity,9844.47,7.074
SPG US Equity,-1320.89,4.875
PM US Equity,-14914.65,6.884
THC US Equity,-2418.29,0.555
NSC US Equity,6352.64,4.594
GILD US Equity,-11843.7,0.656
FLS US Equity,462.34,4.06
ENI IM Equity,10979.28,7.058
RHT US Equity,30253.41,0.17
ATLN VX Equity,20974.05,7.696
CPI LN Equity,-4486.59,9.066
KPN NA Equity,18097.02,9.109
CVS US Equity,-22232.36,8.849
STZ US Equity,-5704.05,7.974
LLL US Equity,-10586.77,4.011
VLO US Equity,-12090.89,5.136
BF/B US Equity,6777.45,4.856
WCH GR Equity,-2465.31,5.78
ATL IM Equity,95154.34,5.417
DAI GR Equity,-182.43,0.059
MS IM Equity,1047.28,0.56
FTE FP Equity,5997.5,6.097
TXN US Equity,4366.9,0.448
MDP US Equity,-3579.04,9.665
PPG US Equity,-4276.52,4.19
WHR US Equity,10056.87,3.688
CLF US Equity,163.43,5.61
SYMC US Equity,-7268.72,8.391
CA US Equity,6024.62,4.802
WRT1V FH Equity,8761.53,6.397
IRM US Equity,-39630.01,2.386
BMY US Equity,810.7,1.183
DIS US Equity,702.62,0.247
TRYG DC Equity,-10893.06,0.608
KINVB SS Equity,1624.38,5.455
CL US Equity,-1716.91,8.548
BRCM US Equity,-4042.94,8.006
TGS NO Equity,-11398.8,3.942
ZION US Equity,-31980.47,4.474
CNA LN Equity,-1413.16,6.28
UBM LN Equity,14622.37,0.08
DSY FP Equity,-25153.74,0.397
NIZ1 Index,-545.26,1.054
AMGN US Equity,-21896.87,0.126
SCG US Equity,-36472.76,9.68
COB LN Equity,606.84,0.561
PWR US Equity,27946.93,2.127
UG FP Equity,21565.41,0.307
OMV AV Equity,276.68,7.097
ICE US Equity,-22697.34,5.501
HES US Equity,-20752.2,0.017
KLAC US Equity,1777.15,7.799
WFC US Equity,-655.67,3.81
ORLY US Equity,2296.4,6.389
DVN US Equity,-1662.57,5.433
NOKUSD Curncy,-9371.46,8.296
QLGC US Equity,-359.84,5.015
HMB SS Equity,-710.13,4.439
WYN US Equity,17228.81,0.791
CINF US Equity,9170.3,4.72
SBUX US Equity,3386.92,6.964
AVB US Equity,2996.68,8.775
PNC US Equity,-2483.76,4.619
REP SM Equity,-1685.69,8.035
COST US Equity,-5766.5,9.826
PSA US Equity,-14693.19,9.058
MRK US Equity,8299.4,5.958
VFC US Equity,-32332.37,6.578
HEIO NA Equity,-31877.86,1.22
MUV2 GR Equity,19712.95,1.247
VIE FP Equity,-889.36,8.643
APA US Equity,-4310.6,6.058
MAB LN Equity,8022.87,9.547
IFX GR Equity,-27931.98,5.55
KGF LN Equity,-3590.64,1.776
MUR US Equity,1909.57,9.575
M US Equity,23403.68,0.335
NU US Equity,-2518.55,7.344
ADP US Equity,-2858.94,2.156
SRP LN Equity,1669.71,3.741
LLTC US Equity,904.73,1.758
AKAM US Equity,-8134.02,2.658
RAI US Equity,-1357.6,9.906
PPL US Equity,9660.11,7.357
CSCO US Equity,-8319.75,7.059
SEKEUR Curncy,-1462.67,7.465
ETI LN Equity,46414.5,0.228
FGP LN Equity,4225.84,0.427
GT US Equity,-1271.52,9.737
MWW US Equity,-6943.41,0.915
CMI US Equity,16365.95,6.221
VAR US Equity,2252.28,6.879
FE US Equity,32099.4,8.466
MNDI LN Equity,-4941.44,9.774
TLSN SS Equity,4050.73,3.419
STAN LN Equity,396.85,8.585
HCN US Equity,8261.78,5.102
ABI BB Equity,14415.54,4.666
TRV US Equity,-644.64,0.974
DXNS LN Equity,-581.53,0.222
CPG LN Equity,26841.28,2.282
SL/ LN Equity,1541.83,7.081
AEE US Equity,8378.58,2.385
MCD US Equity,951.97,9.799
CMS US Equity,-888.5,4.068
SY1 GR Equity,36.9,9.985
FNC IM Equity,-8678.76,2.489
VPK NA Equity,17591.46,9.89
NVDA US Equity,541.75,8.404
NOVOB DC Equity,5298.82,6.977
AAPL US Equity,-665.89,7.383
GAS US Equity,-8224.15,0.494
FLR US Equity,3902.24,6.716
PXD US Equity,-21942.86,6.722
GETIB SS Equity,10302,8.307
DMGT LN Equity,-4530.47,7.674
NYX US Equity,5792.03,8.743
LHA GR Equity,-931.38,9.672
FTR US Equity,11845.07,0.938
SKAB SS Equity,11968.6,1.115
KNIN VX Equity,132.17,7.205
HCBK US Equity,-3445.42,8.848
JLT LN Equity,-17960.15,0.213
NOVN VX Equity,-24067.04,1.957
IHG LN Equity,26855.19,2.86
ASSAB SS Equity,474.05,8.853
CRDA LN Equity,-2403.42,5.194
VRSN US Equity,3964.41,5.785
GAM SW Equity,-545.56,6.784
CAT US Equity,-10351.17,5.626
GFC FP Equity,35062.2,4.954
PCL US Equity,-18096.45,8.399
DO US Equity,4163.96,6.859
GLW US Equity,1517.4,0.223
ARM LN Equity,-17833.78,3.991
HO FP Equity,-4124.04,6.712
BEFB BB Equity,14782.12,4.514
GA FP Equity,8788.05,2.895
MAS US Equity,11629.85,6.656
MMM US Equity,506.32,8.545
ENEL IM Equity,8035.07,4.451
MTX GR Equity,-209.24,0.903
TXT US Equity,-7378.29,4.951
HEIA NA Equity,28875.52,1.335
ESZ1 Index,-1183.56,3.278
ABT US Equity,8876.01,1.479
EURUSD Curncy,289.82,3.279
LXK US Equity,15203.11,0.373
HCP US Equity,-632.06,4.98
MAU FP Equity,-29295.86,0.744
BG/ LN Equity,3140.27,2.622
JCI US Equity,-13643.47,1.23
GALP PL Equity,12241.16,3.689
AZO US Equity,10830.22,3.341
ROG VX Equity,2070.54,7.225
HUM US Equity,12907.1,3.759
LLY US Equity,-13328.45,7.055
SVT LN Equity,0,2.612
TIT IM Equity,13985.29,4.814
PCG US Equity,-8711.78,9.646
WMB US Equity,2452.08,2.732
EMN US Equity,19527.02,8.04
CCE US Equity,2236.79,4.942
EQR US Equity,-6198.43,0.95
BIIB US Equity,-11604.39,3.089
RTN US Equity,1451.73,1.084
MKS LN Equity,12081.58,7.401
MCO US Equity,-2212.09,5.255
SBMO NA Equity,2849.5,2.864
MRO US Equity,-43693.1,3.595
NUO NA Equity,-1664.23,1.238
BBBY US Equity,37288.17,7.247
EAD FP Equity,7083.28,4.904
NRE1V FH Equity,-1269.48,3.073
JDSU US Equity,12383.86,6.784
CTXS US Equity,9516.47,9.39
RDSA NA Equity,6074.9,0.887
NDA GR Equity,1765.11,7.744
IWM US Equity,7347.19,7.567
EDF FP Equity,-4351.32,9.217
STL NO Equity,-3463.42,3.03
RSH US Equity,13161.16,2.816
IPG US Equity,13437.78,0.68
MKC US Equity,1824.24,7.004
DNR US Equity,-10400.98,4.582
FISV US Equity,14482.49,1.739
VOE AV Equity,17554.19,7.166
SNA US Equity,21362.88,7.936
BARC LN Equity,-128.05,4.509
TEF SM Equity,11095.24,1.29
ABF LN Equity,15658.77,0.024
SEE US Equity,14214.4,3.746
PAJ FP Equity,16465.28,9.161
NI US Equity,-6767.08,4.65
TEL NO Equity,9690.34,4.668
CNX US Equity,27333.1,9.315
ALL US Equity,4458.68,3.356
PFE US Equity,-4493.46,7.154
MPI LN Equity,-84048.67,1.031
HELN SW Equity,-41101.71,8.704
LSI US Equity,10103.85,7.21
WIE AV Equity,-3784.98,4.587
UNA NA Equity,6824.16,6.387
FII US Equity,4777.53,0.655
WIN US Equity,16782.64,0.005
CFN US Equity,-2598.79,0.601
F IM Equity,44770.23,7.654
CI US Equity,-940.96,9.295
MEO GR Equity,19436.28,5.324
UCB BB Equity,20018.71,0.556
ERTS US Equity,8087.94,6.116
HAR US Equity,9214.69,3.317
AMZN US Equity,-4886.6,2.416
CMA US Equity,-444.44,6.024
RB/ LN Equity,-24937.38,1.377
LAD LN Equity,791.3,2.943
ICLL AV Equity,25271.04,6.274
YAR NO Equity,26486.41,0.591
SIAL US Equity,1139.63,6.951
QCOM US Equity,-2031.49,1.184
FRX US Equity,39383.71,5.722
HOG US Equity,11098.6,5.34
MO US Equity,2525.65,2.318
ODP US Equity,50.93,5.731
TROW US Equity,10678.2,0.245
TKA AV Equity,17860.54,5.876
BEI GR Equity,36402.77,6.772
LEN US Equity,-11701.47,1.306
RF US Equity,2673.31,3.642
RDC US Equity,775.78,0.967
AKZA NA Equity,6407.18,4.84
KFT US Equity,-3532.15,7.72
TE US Equity,11258.81,0.171
WM US Equity,-1915.26,5.593
APD US Equity,-1526.32,5.607
MHS US Equity,6248.59,9.062
BBY US Equity,-70413.03,4.31
CSGN VX Equity,19151.76,3.406
HRB US Equity,2084.93,8.869
DD US Equity,530.52,7.287
CELG US Equity,76337.91,1.3
MCHP US Equity,2443.82,6.516
WDC US Equity,4555.74,0.8
DEC FP Equity,3539.09,8.143
REL LN Equity,3454.43,1.9
RHI US Equity,13050.6,9.262
ADS GR Equity,16108.78,9.723
EEM US Equity,-2976.71,6.221
EOAN GR Equity,-6803.96,6.164
XL US Equity,-7854.82,8.643
LXS GR Equity,12669.3,8.443
TW/ LN Equity,15912.52,8.133
GR US Equity,-3350.63,1.336
NZYMB DC Equity,-37319.25,6.123
CMCSA US Equity,14169.57,7.539
PC IM Equity,7881.3,8.475
DELL US Equity,5667.23,9.921
SHW US Equity,-122.31,3.006
WEC US Equity,-20319.29,1.828
EXC US Equity,-283770.29,3.501
PCP US Equity,9211.95,0.458
SMIN LN Equity,12128.24,8.555
IVZ US Equity,-7219.9,3.048
TEN IM Equity,-26628.01,6.048
JNJ US Equity,-13250.96,1.352
IPR LN Equity,-1339.74,9.359
ERICB SS Equity,18471.81,5.534
PDCO US Equity,-16458.42,9.907
CTL US Equity,15903.47,8.731
GFS LN Equity,4440.9,4.15
HD US Equity,42480.45,7.215
PFC LN Equity,287905.53,9.263
NRG US Equity,-25384.06,4.616
PRS NO Equity,-24484.9,9.456
NEO FP Equity,-12131.97,4.486
SCAB SS Equity,1419.97,9.337
HSBA LN Equity,634.2,7.894
SDR LN Equity,41206.97,5.449
BA US Equity,341.5,2.625
WYNN US Equity,2457.92,2.875
LGEN LN Equity,-4638.33,6.23
INGA NA Equity,-21335.85,9.551
SCVB SS Equity,2903.06,6.716
ML FP Equity,-16381.7,1.345
INF LN Equity,-8786.64,6.481
LIN GR Equity,-2722.62,8.715
BSX US Equity,7571.28,7.762
PEG US Equity,18698.29,5.009
CBS US Equity,-36539.26,2.928
BOKA NA Equity,46815.56,0.294
ACKB BB Equity,-345.34,3.44
KEY US Equity,5584.19,5.017
ITW US Equity,5034.33,0.719
CHTR LN Equity,3005.84,8.749
SO US Equity,-3379.94,5.964
SLB US Equity,1458.08,0.922
WOS LN Equity,27856.32,1.444
JPM US Equity,11927.17,6.81
NOBN VX Equity,3914.9,9.62
LUN DC Equity,36067.07,7.625
CAST SS Equity,25574.15,1.735
JMAT LN Equity,25645.11,0.142
WMH LN Equity,3020.36,9.44
AMT US Equity,-8839.31,9.374
AML LN Equity,-3510.79,0.541
S US Equity,-8324.55,2.454
LUX IM Equity,6093.95,6.336
NUE US Equity,217.76,3.613
AET US Equity,-2871.81,0.063
SJM US Equity,8215.81,8.504
SYY US Equity,3159.48,6.917
INCH LN Equity,-194.31,7.52
AA US Equity,-10454.58,4.041
FRA GR Equity,-86.72,0.259
SUN US Equity,20460.53,8.937
SLM US Equity,-24211.82,0.549
HST US Equity,-6272.16,4.858
IBM US Equity,3723.6,1.77
NWSA US Equity,14293.01,5.324
BMC US Equity,5603.48,9.569
COLOB DC Equity,18212.34,0.926
BA/ LN Equity,-40293.58,4.732
DV US Equity,7322.69,4.148
PBCT US Equity,24341.74,8.666
AV/ LN Equity,8300.74,5.043
LLOY LN Equity,5701.49,5.033
RSA LN Equity,2673.05,8.541
BALN VX Equity,-10448.22,1.727
CTAS US Equity,-5470.92,2.246
CHRW US Equity,3052.23,9.255
WU US Equity,-16359.79,2.145
MMC US Equity,-9505.17,6.636
DE US Equity,26345.54,7.278
GBPUSD Curncy,1320.46,8.53
ALTR US Equity,-2260.1,5.089
CLLN LN Equity,-8503.02,5.426
AMD US Equity,11546.4,5.567
PP FP Equity,-2815.37,2.337
FLS DC Equity,-6.61,9.87
DNB US Equity,5848.04,0.352
HRL US Equity,1971.16,7.049
ANTO LN Equity,-9841.38,7.65
BAER VX Equity,-1087.46,1.406
BP IM Equity,2593.49,7.804
PH US Equity,2486.55,1.395
MCK US Equity,347.63,2.224
ED US Equity,12063.25,2.958
VGZ1 Index,-24409.22,2.118
DPS US Equity,-9207.82,0.248
ATI US Equity,8418.66,7.888
GIVN VX Equity,-28351.76,8.426
ITV LN Equity,-22786.97,8.789
MEO1V FH Equity,-808.02,3.41
STR US Equity,-9729.93,1.477
SE US Equity,-12154.95,0.938
VWS DC Equity,4205.89,9.867
ZURN VX Equity,2628.64,3.923
EL US Equity,21329.72,5.395
AFL US Equity,-1515.81,8.869
APOL US Equity,413.85,3.931
CBK/D SM Equity,1618.35,9.501
BK US Equity,24304.68,1.703
BAYN GR Equity,8357.34,8.478
SYST VX Equity,-2391.79,7.93
EN FP Equity,-139.76,6.472
RR/ LN Equity,2982.95,6.776
HNR1 GR Equity,-22475.61,1.075
ATCOA SS Equity,605.6,7.457
BMW GR Equity,1629.66,7.227
EXPN LN Equity,7592.9,2.529
NWL US Equity,-14544.65,3.131
CAH US Equity,-272.18,1.599
IGG LN Equity,-5711.32,4.439
RATOB SS Equity,8801.71,5.055
FHN US Equity,-7184.02,6.745
CPB US Equity,6092.11,0.626
BKWN SW Equity,15040.88,3.108
VIG AV Equity,1425.27,8.618
KIM US Equity,5315.72,6.748
GIS US Equity,-1779.14,6.659
SGC LN Equity,-1628.55,4.985
UNP US Equity,4652.24,9.542
DFS US Equity,-2786.78,4.711
G IM Equity,2373.98,1.79
PGN US Equity,-13641.57,8.172
SOON VX Equity,9466.42,1.917
HMSO LN Equity,-4389.36,0.496
FRES LN Equity,-5404.68,8.31
GBLB BB Equity,-9334.32,4.073
RTO LN Equity,-16091.33,0.635
ILD FP Equity,-7913.43,8.622
F US Equity,-17043.02,9.871
ADP FP Equity,-343.32,3.651
AGN NA Equity,-21683.33,9.533
CRXL NA Equity,-13806.38,2.537
LISN SW Equity,1142.32,5.399
ABBN VX Equity,918.15,7.237
PSON LN Equity,3108.32,1.649
ANF US Equity,-1160.92,2.328
NYT US Equity,998.02,9.553
GSZ FP Equity,-1164.35,6.147
AVP US Equity,1293.11,9.574
FUM1V FH Equity,31355.41,7.817
SGRO LN Equity,4690.43,7.54
GOOG US Equity,12100.7,8.023
DELB BB Equity,831.86,2.954
IP US Equity,-22143.21,3.563
CDI FP Equity,-121.66,1.184
PX US Equity,13406.63,3.294
MT NA Equity,761.11,0.061
UNH US Equity,11572.62,8.924
IDR SM Equity,-2583.07,1.496
BBT US Equity,699.68,7.223
MET US Equity,13451.1,1.315
ORNBV FH Equity,122.62,0.105
PARG SW Equity,-7617.02,0.081
HOLN VX Equity,6311.39,1.15
RHK GR Equity,19484.03,6.332
KO US Equity,8805.27,0.107
TPZ1 Index,-74611.26,0.522
POH1S FH Equity,5867.21,0.809
Z Z1 Index,8570.34,6.203
CLX US Equity,21414.27,9.922
VAC US Equity,-9578.06,9.983
IFF US Equity,49034.15,2.643
CBK/D SM Equity,1223.58,1.909
XTA LN Equity,-1869.36,2.423
CGL LN Equity,28794.89,6.605
COF US Equity,-23110.81,5.786
COFB BB Equity,-20525.54,3.779
SWEDA SS Equity,8208.75,9.605
PBI US Equity,-16774.62,6.445
NBL US Equity,6367.07,4.51
HAL US Equity,1276.83,3.36
FGR FP Equity,4827.18,0.035
HLMA LN Equity,3076.95,3.795
FTI US Equity,8988.28,5.956
XRX US Equity,19890.57,1.574
EDPR PL Equity,2990.18,0.796
FCC SM Equity,31584.01,9.749
MMB FP Equity,-2339.98,7.244
EIX US Equity,26603.46,4.569
BATS LN Equity,1952.98,4.343
K US Equity,-19635.07,6.695
KNEBV FH Equity,18131.7,0.414
TPK LN Equity,-29906.34,6.819
KCR1V FH Equity,1639.66,0.746
X US Equity,10418.97,9.1
XOM US Equity,12269.81,8.326
UNM US Equity,10805.01,5.364
IMT LN Equity,30561.78,6.784
TEG US Equity,-12748.53,8.813
AMEC LN Equity,-3617.12,8.038
SWMA SS Equity,-9809.67,0.341
FME GR Equity,29.83,1.716
OR FP Equity,2135.86,0.359
AZM IM Equity,-9909.78,3.29
C US Equity,-15437.9,2.249
ISYS LN Equity,3297.1,3.007
SYNN VX Equity,13314.94,4.174
ADSK US Equity,-6043.65,2.409
CWC LN Equity,17665.3,3.275
CTSH US Equity,1992.79,7.908
BT/A LN Equity,5432.15,2.539
BEN US Equity,23365.2,7.026
ENG SM Equity,-2587.97,0.027
RIO LN Equity,1096.2,4.654
RAND NA Equity,-846.39,4.346
AEP US Equity,2991.19,0.606
CAM US Equity,3350,9.144
MAT US Equity,-2208.76,2.942
BKG LN Equity,-390.38,6.726
SRE US Equity,1600.18,1.526
MAP SM Equity,9296.21,7.421
TEC FP Equity,2845.33,9.192
TOP DC Equity,-5400.7,6.886
XEL US Equity,37798.43,0.649
ELI1V FH Equity,-16569.25,6.829
KAZ LN Equity,-5053.83,2.698
LOG LN Equity,48.99,6.594
R US Equity,6111.56,1.335
NTRS US Equity,-758.46,1.108
PKI US Equity,8308.48,4.715
SHBA SS Equity,9119.68,3.118
SIE GR Equity,-9882.9,1.497
UMI BB Equity,-1712.06,4.444
WAT US Equity,-12798.54,2.866
LNC US Equity,2153.81,4.866
COG US Equity,-13166.78,0.219
SKFB SS Equity,519.64,3.874
SWY US Equity,998.51,5.31
PFG LN Equity,25978.6,8.594
SHI LN Equity,-7630.54,9.198
EBS AV Equity,5668.05,2.547
ALV GR Equity,951.08,8.043
WY US Equity,990.64,0.341
CNP US Equity,10833.48,3.985
SNDK US Equity,-326.47,2.855
YUM US Equity,0,8.681
CORA NA Equity,78.65,1.44
BAX US Equity,-4118.22,3.826
BOL SS Equity,3924.11,1.393
MDT US Equity,-1019.86,6.346
BWY LN Equity,696.08,1.333
CEG US Equity,2426.76,4.02
DGE LN Equity,-5206.92,0.728
ELE SM Equity,-31769.88,3.351
COH US Equity,24232.41,0.52
MSY LN Equity,2586.23,7.049
NXT LN Equity,3160.98,3.392
SGE LN Equity,28173.41,6.489
ETR US Equity,-3282,6.168
CLS1 GR Equity,901.78,6.42
AN US Equity,-4704.33,2.245
NVLS US Equity,4297.7,5.044
LUV US Equity,6772.67,7.46
STI US Equity,846.51,4.033
TER US Equity,1005.37,5.346
HBAN US Equity,14143.43,0.568
CSC US Equity,-1649.3,7.38
VZ US Equity,-19700.8,4.915
SAI US Equity,-26912.92,5.975
INDUA SS Equity,2172.89,9.861
FAST US Equity,-10085.19,2.452
RHM GR Equity,-4836.3,9.353
GPC US Equity,-13273.34,3.611
MTGB SS Equity,-17897.63,7.506
ELUXB SS Equity,21985.68,1.103
DRI US Equity,3576.54,4.691
SCMN VX Equity,16342.62,7.301
SN/ LN Equity,10646.07,5.592
CHG LN Equity,15796.77,1.316
VOLVB SS Equity,-1905.2,2.116
NDA SS Equity,-5575.13,8.103
TSN US Equity,886.61,9.66
EXPD US Equity,-1729.7,5.209
MAR US Equity,2913.13,8.552
BBY LN Equity,-9279.41,0.233
TSS US Equity,13207.95,2.375
DSM NA Equity,-7703.23,4.575
CCL LN Equity,-10506,3.806
RUKN VX Equity,-7179.03,1.241
TJX US Equity,-13302.05,9.855
PCLN US Equity,-394.12,8.233
PAH3 GR Equity,-6913.27,5.107
GS US Equity,-3886.09,5.299
DF US Equity,24888.31,6.875
ENRC LN Equity,3151.45,3.814
RBS LN Equity,-10126.94,6.551
QQ/ LN Equity,-1621.4,9.496
SVU US Equity,-31794.67,8.871
SPM IM Equity,0,6.791
RRS LN Equity,30314.2,2.829
MRW LN Equity,12641.61,9.167
BSY LN Equity,14491.11,2.176
MON US Equity,-1457.74,3.923
PRU US Equity,-7666.92,5.505
STJ US Equity,-197.95,9.034
PMO LN Equity,-1703.57,5.646
VER AV Equity,3179.97,5.747
SPLS US Equity,1717.27,9.085
USB US Equity,13875.63,3.433
GBPEUR Curncy,1082.16,2.734
PHIA NA Equity,4081.63,4.988
WFR US Equity,11.98,3.572
PUM GR Equity,9838.44,1.794
PSN LN Equity,-5263.69,7.724
UHR VX Equity,-172.24,5.588
RWE GR Equity,-1512.17,9.581
ORCL US Equity,10530.33,1.384
ADN LN Equity,-7177.16,2.179
KESA LN Equity,517.5,1.39
UU/ LN Equity,3474.73,3.982
COLR BB Equity,45016.67,0.056
TRN IM Equity,-9523.99,7.111
AMAT US Equity,-974.28,9.186
HOT US Equity,-6438.94,1.37
APC US Equity,-5835.52,0.116
RI FP Equity,-8705.93,6.252
HOLMB SS Equity,6728.23,8.26
PLD US Equity,-9345.12,2.156
HNZ US Equity,-4947.83,1.683
LUK US Equity,-27181.44,2.755
SLHN VX Equity,-1876.95,2.284
L US Equity,3928.73,4.966
WTB LN Equity,-5750.91,3.712
BHI US Equity,-3883.83,7.908
LOGN VX Equity,-859.23,8.431
WIN GR Equity,0,0.762
AGN US Equity,-7924.05,4.588
STT US Equity,9890.49,3.85
T US Equity,-20249.38,7.636
ORK NO Equity,-32449.61,0.017
NEE US Equity,-11047.17,2.748
TIE US Equity,7233.75,6.067
APH US Equity,161.07,2.596
MSFT US Equity,2704.26,8.935
ETL FP Equity,7529.16,6.77
JWN US Equity,254.97,2.024
CKSN LN Equity,-578.89,2.59
ZMH US Equity,-10575.97,0.765
TGT US Equity,10600.47,1.952
CFR VX Equity,28642.9,3.298
BAC US Equity,3962.89,4.23
BMS US Equity,-5461.69,5.985
TFI FP Equity,3668.84,3.975
AAL LN Equity,6321.95,9.269
FER SM Equity,-753.08,0.023
SAZ GR Equity,-7536.68,9.119
JMT PL Equity,5442.36,9.369
NHY NO Equity,43039.81,3.265
ADM LN Equity,1311.79,5.164
GME US Equity,-60952.01,8.987
VED LN Equity,-10612.33,7.061
ADI US Equity,22969.47,2.374
NOV US Equity,16061.17,7.311
TSO US Equity,-12528.27,8.82
ROR LN Equity,18141.43,7.168
AON US Equity,294513.75,5.551
LEG US Equity,-2371.29,5
BLL US Equity,10972.66,6.629
SBRY LN Equity,1334.26,3.827
CVH US Equity,-7099.11,6.401
PCAR US Equity,4994.81,9.093
CO FP Equity,-5330.08,8.695
PGR US Equity,10308.46,5.156
HAS LN Equity,4317.71,0.105
BLT LN Equity,18166.96,0.469
BELG BB Equity,-19421.43,6.167
NKE US Equity,-7036.13,9.842
MB IM Equity,27796.46,5.842
NK FP Equity,-14709.75,0.281
EQT US Equity,-3552.45,7.675
TCG LN Equity,-2091.92,5.878
BP/ LN Equity,-24980.84,0.405
BRBY LN Equity,-1530.4,6.197
LI FP Equity,-3513.25,9.385
ADEN VX Equity,10581.72,3.663
TLAB US Equity,-8058.68,8.143
LG FP Equity,1193.07,7.544
SGSN VX Equity,34355.68,2.356
EXPE US Equity,5495.48,9.897
CVX US Equity,-11605.68,5.238
DEB LN Equity,29288.19,2.157
DVA US Equity,8415.12,1.449
REN NA Equity,2589.66,9.772
PLL US Equity,-2616.98,2.054
SAMAS FH Equity,2095.24,5.467
PTC PL Equity,3062.32,5.078
UTX US Equity,12523.7,1.101
REX LN Equity,2248.35,0.493
SWN US Equity,15566.83,7.902
A US Equity,4469.04,4.467
D US Equity,1519.82,2.138
CPWR US Equity,-727.31,1.615
AIXA GR Equity,1074.43,4.545
SRG IM Equity,29319.28,3.906
DHI US Equity,-7140.53,2.676
FITB US Equity,14365.16,9.393
DRX LN Equity,27331.13,8.841
ABC US Equity,23578.9,8.555
SIK SW Equity,-5584.66,1.602
OXY US Equity,-23255.58,0.465
CB US Equity,-8181.12,9.607
BXP US Equity,-11720.05,2.42
TMK US Equity,-8460.91,1.697
BVI FP Equity,17264.07,7.066
BCR US Equity,10350.63,5.649
EMR US Equity,3392.24,5.985
EFX US Equity,167.82,6.538
BDX US Equity,3402.39,5.806
DLAR LN Equity,10929.62,8.849
MS US Equity,-16306.46,3.593
JEC US Equity,209.74,9.867
ISRG US Equity,3116.25,1.123
MYL US Equity,11981.7,3.908
OI US Equity,44980.98,3.793
HSY US Equity,21849.7,6.616
YHOO US Equity,27126.66,5.183
LIFE US Equity,-4011,0.591
MJN US Equity,400,7.731
BRI PL Equity,-9326.6,5.374
CAP FP Equity,13884.41,3.313
IM NA Equity,11898.44,0.16
TMO US Equity,-427.13,8.394
HSV LN Equity,1418.12,7.132
NBR US Equity,521.96,1.414
AMP US Equity,-59.41,8.81
FMC US Equity,3235.33,4.052
LM US Equity,4597.33,3.918
FP FP Equity,-11790.36,1.286
OMC US Equity,-6710.09,7.425
SDF GR Equity,3959.37,0.711
MRK GR Equity,-947.62,2.304
BLND LN Equity,9413.5,3.007
KESBV FH Equity,30865.72,6.089
BAS GR Equity,-71.95,9.35
RMS FP Equity,-7433.43,3.931
OML LN Equity,25236.63,4.044
SESG FP Equity,-23544.84,3.008
DBK GR Equity,-25974.65,6.577
XRAY US Equity,-345.47,8.301
BMPS IM Equity,4816.28,4.575
AIZ US Equity,261.89,4.534
ANA SM Equity,3906.77,8.924
SYST VX Equity,-234715.63,4.518
PNDORA DC Equity,141634.88,6.211
HUSQB SS Equity,-155960.57,3.534
AZN LN Equity,550.2,1.301
HLF US Equity,-10215.12,2.529
MGGT LN Equity,9048.48,0.311
BKIR ID Equity,-60014.55,5.81
BNP FP Equity,-33692.65,3.896
GLE FP Equity,-55706.53,9.997
EURUSD Curncy,0,9.09
LVLT US Equity,0,5.095
GBPUSD Curncy,-24103.4,9.7
SAN SM Equity,15839.07,7.418
BKIR LN Equity,29319.78,8.608
PMI IM Equity,21128.64,9.328
UCG IM Equity,-28538.17,3.788
AC* MM Equity,-23587.65,9.192
SYST VX Equity,439462.19,0.357
JNJ US Equity,0,2.275
RSYS US Equity,-1445.42,6.568
V US Equity,-7807.51,8.549
PSEM US Equity,356.95,6.202
PRY IM Equity,-6146.9,6.344
VSI US Equity,-85737.39,5.911
SGO FP Equity,-662.81,1.548
BN FP Equity,1462.62,1.606
KENZ LN Equity,-19145.66,2.837
IMI LN Equity,-11563.18,0.914
GJF NO Equity,-327.36,4.147
SUBC NO Equity,2563.78,2.935
NCS US Equity,14684.82,8.434
HEXAB SS Equity,621.88,6.781
KN FP Equity,1502.09,8.821
NDAQ US Equity,-15053.94,8.715
CPRT US Equity,59499.34,6.703
IT US Equity,-2835.78,8.468
GLE FP Equity,-62.11,4.929
SEV FP Equity,-65698.47,6.803
RNO FP Equity,-1362.15,3.032
EGPW IM Equity,-6171.85,9.386
DTV US Equity,12512.97,8.547
BNZL LN Equity,-76596.67,7.406
HAS US Equity,-15433.91,6.549
MPWR US Equity,-3289.48,0.145
CDR US Equity,-197.56,0.252
GAM SM Equity,-77.99,7.941
SCL US Equity,-1313.43,3.704
NOK1V FH Equity,15196.02,6.517
CVGW US Equity,-3214.92,6.367
EZPW US Equity,38.38,0.841
FIS US Equity,2081.95,0.802
WG/ LN Equity,261.71,1.632
SOW GR Equity,93.89,7.734
FNGN US Equity,-35396.36,7.348
VNO US Equity,63.12,8.83
PRGO US Equity,8405.02,0.876
BOS3 GR Equity,-41907.58,3.355
ESSR LN Equity,-502.46,8.043
ITR IM Equity,-19983.23,3.805
LSE LN Equity,267.96,8.042
EBIX US Equity,-1341.3,7.368
TUES US Equity,23128.21,1.002
ACA FP Equity,-1101.88,0.998
UFCS US Equity,3356.47,9.552
TRMK US Equity,-463.87,2.915
CENTA US Equity,-24750.04,2.742
BELFB US Equity,-10789.47,8.726
AVAV US Equity,-2226.56,1.55
NDSN US Equity,145.67,5.645
ARQL US Equity,-3901.24,0.11
SCHL US Equity,-567.82,1.255
DAKT US Equity,1678.77,9.464
EKTAB SS Equity,-34710.08,2.686
LYV US Equity,-237.08,2.57
SAN FP Equity,14374.63,6.093
UMBF US Equity,-859.72,6.286
IT IM Equity,56.9,3.151
KOPN US Equity,16254.37,5.596
NOG US Equity,-2328.51,5.509
SRS IM Equity,-19055.58,8.352
BEKB BB Equity,1072.18,9.085
LUPE SS Equity,-2114.31,3.667
PSPN SW Equity,-75489.23,7.678
HL/ LN Equity,-515.39,6.332
GET FP Equity,-1168.63,4.674
HITT US Equity,-18361.47,2.74
SUPX US Equity,-8494.38,5.391
OZRK US Equity,-16445.26,7.26
DGIT US Equity,-35243.23,2.323
DHR US Equity,-10070.78,1.65
GD US Equity,-8916.92,0.477
HWKN US Equity,-2316.44,0.783
OPHR LN Equity,5963.83,2.205
JCP US Equity,-8096.32,8.304
IVN CN Equity,-16901.57,3.35
MGGT LN Equity,-1146.03,7.655
CRI US Equity,-6881.83,7.505
IFSIA US Equity,-20051.07,2.445
SHOO US Equity,-3751.62,3.594
VIV FP Equity,345.1,5.013
XOXO US Equity,-395.99,7.848
ASHM LN Equity,9232.89,0.383
PZZA US Equity,-840.8,8.857
UNI IM Equity,-23249.1,5.349
FIE GR Equity,-19795.32,0.625
ISP IM Equity,1070.58,7.152
SCOR US Equity,-689.67,7.061
ALD LN Equity,174.14,2.069
INVP LN Equity,292.62,2.983
IIVI US Equity,-529.74,2.741
CIU LN Equity,-6696.33,2.339
LNCE US Equity,-293.29,2.971
UCG IM Equity,-5234.08,8.493
SHLD US Equity,-8781.02,5.779
BRK/B US Equity,-15173.01,9.945
SR US Equity,24168.14,5.767
VK FP Equity,-286.55,6.981
NAVG US Equity,8060.51,7.973
SK FP Equity,268.62,0.268
HHS US Equity,-73.11,2.794
HRS US Equity,213.62,7.838
SAF FP Equity,3090.84,1.798
CLGX US Equity,-9000.63,6.027
BCVN SW Equity,-13486.73,3.688
BARN SW Equity,-2025.91,0.909
FXPO LN Equity,-1054.04,2.458
TWC US Equity,603.4,1.272
RBP SJ Equity,138.65,3.308
EXPO US Equity,-22269.28,2.056
WFM US Equity,-9864.07,8.129
GNCMA US Equity,-983.78,0.482
MSI US Equity,18063.23,2.291
EFGN SW Equity,-19619.18,0.817
VOW3 GR Equity,644.32,1.842
HTLD US Equity,43313.54,3.984
CLN VX Equity,-25831.29,4.94
TTEC US Equity,-5892.14,8.03
IRBT US Equity,-6599.92,7.428
CBG US Equity,-12734.25,9.791
EO FP Equity,62.5,0.044
GHL US Equity,12451.01,6.242
KNSY US Equity,-376.23,6.867
TTMI US Equity,59.56,5.909
CRM US Equity,-2237.45,1.928
RSG US Equity,-19292.14,9.589
WDFC US Equity,679.74,6.236
COP US Equity,38314.26,2.205
ODFL US Equity,-32215.03,3.459
AMS SM Equity,-13954.36,3.795
SUN SW Equity,-46154.49,5.983
RUTH US Equity,-443.64,4.342
SNX US Equity,109.52,1.869
GWW US Equity,-34628.13,6.942
RTL BB Equity,-14859.3,1.705
GKN LN Equity,-56.21,3.485
MEG CN Equity,35469.89,8.395
LL US Equity,-14384.05,7.504
UNIP IM Equity,-22040.07,7.666
IPI US Equity,2117.24,3.572
MENT US Equity,-17146.64,9.737
SNI US Equity,387.53,2.526
EBS US Equity,-122343.72,6.97
FCF US Equity,-360.3,6.413
AEIS US Equity,-15529.1,1.233
INTU US Equity,-295.55,6.669
AIT US Equity,4164.12,0.006
BVA SM Equity,-17644.07,0.042
DSV DC Equity,-14361.29,9.777
NWK US Equity,-22648.92,8.388
ALO FP Equity,-151.32,2.694
ZNWAL US Equity,2875.48,6.256
AAN US Equity,-19959.14,6.482
TMP US Equity,-5213.61,4.792
MCS US Equity,5280.04,7.926
TNET BB Equity,197.6,9.54
CCL US Equity,54369.28,4.928
GE1 GR Equity,-30230.49,7.521
NG/ LN Equity,-1489.35,0.613
EMSN SW Equity,-5556.1,7.03
STBA US Equity,-1103.34,3.716
ZC FP Equity,-15240.92,2.164
LII US Equity,-448.8,8.901
MC FP Equity,351.7,6.498
WEIR LN Equity,163.99,8.487
KD8 GR Equity,-174.12,5.946
AOS US Equity,21026.05,6.875
AREX US Equity,-145181.46,0.096
ANDR AV Equity,-660.08,5.126
ETH US Equity,17.07,3.281
CATM US Equity,2451.68,6.927
TYPE US Equity,-2818.9,7.367
NEU US Equity,-996.71,2.593
NBTB US Equity,-30314.98,3.467
ULVR LN Equity,-3107.35,7.019
NPK US Equity,16740.02,5.532
CASC US Equity,2481.77,6.435
BNR GR Equity,-22679.57,2.561
CA FP Equity,-347.83,0.889
CPR IM Equity,895.19,6.569
ITX SM Equity,8189.77,7.585
SPR GR Equity,14920.76,8.809
HLIT US Equity,-30768.35,3.297
UNF US Equity,10789.56,0.419
CDON SS Equity,-196.35,9.217
AVD US Equity,-5219.47,5.186
NATI US Equity,6.94,5.465
SPSN SW Equity,6375.34,2.941
LAWS US Equity,1286.86,1.241
MA US Equity,-10191.97,9.299
CRG IM Equity,-60974.29,6.493
ITRK LN Equity,-24513.2,1.02
PGHN SW Equity,496.77,0.437
AC FP Equity,13560.82,6.919
GBF GR Equity,-9022.57,0.141
ARYN SW Equity,-35225.78,9.913
MU US Equity,-266.06,9.523
AI FP Equity,-19246.03,5.802
TW US Equity,-1298.98,9.977
BPI PL Equity,5887.51,8.546
WPO US Equity,-488.41,3.616
III LN Equity,-15716.92,9.482
WMT US Equity,2768.51,2.259
ENSG US Equity,-130260.15,1.176
PCS US Equity,29510.16,1.484
CR US Equity,12293.65,0.414
GTO FP Equity,79.93,2.974
IN US Equity,-5963.6,8.891
UTDI GR Equity,-61151.51,5.638
AKE FP Equity,4149.73,2.807
AAON US Equity,-10078.94,0.257
LOGM US Equity,-7615.07,9.773
SGMS US Equity,194429.72,7.385
FR FP Equity,7592.8,5.262
LANC US Equity,2050.96,2.393
VRTU US Equity,-12860.3,0.443
SPD LN Equity,342.09,8.107
IDR SM Equity,1230.17,3.812
PNDORA DC Equity,-149.23,1.3
ENC SM Equity,-1263.43,4.495
BKG LN Equity,-1793.41,5.737
IPL SJ Equity,3027.8,7.31
VALN SW Equity,-81.31,1.065
PVA SM Equity,-1165.69,2.906
POLY LN Equity,2108.34,8.953
INGA NA Equity,-904.87,4.397
STCBV FH Equity,242.17,0.659
CEQ NO Equity,-1470.25,2.296
RMI SJ Equity,-3245.79,2.508
GIMB BB Equity,481.33,7.389
HOIL LN Equity,-1124.51,2.789
PNL NA Equity,2579.15,4.301
ALM SM Equity,-756.87,5.376
HWDN LN Equity,3154.71,0.928
AT IM Equity,-3202.82,0.572
TPK LN Equity,-4030.35,9.259
SDRL NO Equity,4481.03,3.086
IAP LN Equity,-550.79,7.385
RMH SJ Equity,-459.55,7.827
SAZ GR Equity,556.37,9.474
TEN IM Equity,-686.91,6.744
FLS DC Equity,-602,9.752
AXFO SS Equity,-375.83,0.677
SBT LN Equity,1245.71,4.323
BOS3 GR Equity,-911.48,3.304
TNTE NA Equity,671.8,6.577
GETIB SS Equity,-3428.79,4.312
RCO FP Equity,4122.88,0.145
PPHN SW Equity,1318.28,9.845
SAP SJ Equity,1885.97,8.363
SAFT FP Equity,4862.17,3.653
CAF SM Equity,-542.76,0.706
EDPR PL Equity,5029.34,9.724
ALCAR FP Equity,-1483.25,9.821
MHPC LI Equity,-3889.61,3.594
SY1 GR Equity,-511.5,6.015
SRP LN Equity,0,7.056
PFV GR Equity,-475.41,0.758
SMHN GR Equity,886.39,8.763
AOIL SS Equity,3115.72,1.028
ALU FP Equity,4869.8,6.771
DEX GR Equity,-2275.43,2.364
PHIA NA Equity,-82.25,9.347
RES SJ Equity,-1119.58,7.589
MONI LN Equity,-5465.61,8.462
CBG LN Equity,-523.13,6.035
MTC LN Equity,3073.85,6.745
HOLN VX Equity,2072.82,2.955
OKEY LI Equity,-3951.46,7.997
HHFA GR Equity,-4396.58,9.614
OML LN Equity,167.21,3.05
USG NA Equity,-798.42,2.893
TKG SJ Equity,763.87,6.93
WTB LN Equity,-361.33,3.437
EN FP Equity,2967.3,3.655
BAMNB NA Equity,-123.36,1.513
UBI FP Equity,-1974.22,7.559
CHAR LN Equity,-642.97,6.65
TRE SM Equity,979.37,4.603
LOG LN Equity,-3443.84,6.846
CML SJ Equity,466.43,4.762
ABC LN Equity,1210.48,8.919
SYR LN Equity,665.15,4.523
RXL FP Equity,4440.54,5.41
MUR SJ Equity,182.57,5.296
CAST SS Equity,3186.07,5.712
ATE FP Equity,-963.81,8.732
NHY NO Equity,-4234.35,6.779
BVS LN Equity,4023.18,1.239
POG LN Equity,-4093.54,4.016
AMS SJ Equity,-838.65,0.998
ALT FP Equity,-643.15,3.052
AKZA NA Equity,-3867.5,0.681
TWEKA NA Equity,1186.37,0.572
EBRO SM Equity,1164.83,4.535
YTY1V FH Equity,-97.35,1.865
TIT IM Equity,5854.56,4.388
GFI SJ Equity,1657.11,5.619
EXI LN Equity,-744.22,3.627
CO FP Equity,723.12,9.405
SOL SJ Equity,5.1,0.938
SFQ GR Equity,562.07,2.601
BELG BB Equity,-5720.59,9.135
GSK LN Equity,-1165.05,1.521
DNORD DC Equity,955.63,9.944
FNC IM Equity,-1677.25,4.519
FNTN GR Equity,-4397.65,7.342
VPK NA Equity,501.53,4.746
MT NA Equity,1428.07,8.166
NOBI SS Equity,2680.37,9.985
NISTI NA Equity,-52.02,2.284
AC FP Equity,-567.76,0.427
HAR SJ Equity,-4225.47,8.706
PWTN SW Equity,-1507.14,1.653
TFG SJ Equity,-4391.41,3.282
ENI IM Equity,2173.17,8.956
BSAN SW Equity,-1336.29,6.893
SHP SJ Equity,603.64,4.25
CW/ LN Equity,-4051.97,3.321
NXI FP Equity,3956.04,7.768
FIVE LI Equity,-5010.15,6.293
GFT FP Equity,3578.2,0.415
SL/ LN Equity,1550.79,1.363
ARM LN Equity,-627.98,7.233
KCR1V FH Equity,-2929.07,7.059
NHH SM Equity,203.26,7.691
LSP LN Equity,-2830.24,5.724
TDC DC Equity,679.83,3.218
UMI BB Equity,4765.23,7.86
UNR1V FH Equity,925.38,5.077
PSON LN Equity,-2217.54,4.471
INVEB SS Equity,91.04,4.408
BAF GR Equity,435.17,6.651
RMV LN Equity,4040.35,2.039
LSE LN Equity,401.65,9.59
WHA NA Equity,-1337.72,7.55
RBS LN Equity,-100.91,1.473
MPI LN Equity,-1852.36,0.79
GBLB BB Equity,-814.16,4.006
SZU GR Equity,0.46,6.508
GEM IM Equity,493.65,2.44
MRW LN Equity,-969.09,4.821
GN DC Equity,-460.7,3.908
GFTU LN Equity,-4600.52,8.179
POST AV Equity,2859.11,8.765
HUSQB SS Equity,1883.37,2.288
SBMO NA Equity,2414.13,9.997
GEBN VX Equity,-242.51,9.527
NIBEB SS Equity,-1557.5,9.321
XTA LN Equity,5427.76,9.672
NOK1V FH Equity,-126.36,0.672
UNIB SS Equity,-408.64,0.716
TCH FP Equity,5540.25,7.316
IPS FP Equity,-1830.07,4.886
WRT1V FH Equity,657.15,6.424
ECMPA NA Equity,-2013.95,3.054
BOR LN Equity,-781.69,1.196
UL FP Equity,653.55,4.652
CSM NA Equity,891.96,1.224
DLAR LN Equity,4347.97,8.697
PUB FP Equity,-2143.44,8.739
GO/ LN Equity,662.41,9.304
TLV1V FH Equity,1515.05,8.989
CFR VX Equity,318.13,8.52
BEN FP Equity,2215.15,5.194
IT IM Equity,-2063.32,9.095
ORI SS Equity,-599.61,7.692
AXIS SS Equity,-148.97,4.009
LUNDB SS Equity,-668.49,7.027
MMB FP Equity,-72.99,7.145
KGF LN Equity,1990.87,6.662
VED LN Equity,473.31,3.895
MTN SJ Equity,4576.95,0.457
GGS GR Equity,-2003.58,4.167
JUP LN Equity,-233.61,5.566
CMA FP Equity,969.2,0.902
USTN SW Equity,3697.14,7.731
SPT LN Equity,-4531.09,1.441
PLCS NO Equity,5371.49,0.353
CPI SJ Equity,-697.8,8.862
GALP PL Equity,1286.3,5.556
KNIN VX Equity,-2700.05,0.696
3IN LN Equity,949.82,8.715
FABG SS Equity,599.89,1.952
AMI LN Equity,3082.05,3.826
NYR BB Equity,6015.37,7.745
KINVB SS Equity,2529.05,6.371
FPM LN Equity,2840.83,4.761
GSZ FP Equity,-248.38,3.701
PAH3 GR Equity,955.96,0.213
RIGN VX Equity,0,9.843
BAW SJ Equity,-1451.92,5.57
MOR GR Equity,6749.72,2
HAS LN Equity,-1195.04,3.835
SR NA Equity,-614.7,1.7
CGL LN Equity,-549.33,7.734
RMR1V FH Equity,-732.14,5.97
SHP LN Equity,-1362.93,0.9
IMP SJ Equity,1232.36,0.015
TECN SW Equity,-277,6.013
BOK LN Equity,92.43,1.256
EAD FP Equity,-1507.38,9.725
AUSS NO Equity,977.83,7.426
TFI IM Equity,-2426.2,7.833
LAND LN Equity,-4832.92,7.401
GWI1 GR Equity,3382.09,5.057
BAB LN Equity,-2046.6,8.709
TLW LN Equity,-552.81,6.062
SIK SW Equity,-2163.93,5.581
BION SW Equity,556.4,7.606
PHNX LN Equity,-4225.85,7.902
ES IM Equity,1137.42,9.392
ALB SM Equity,840.69,9.672
RBREW DC Equity,924.49,2.557
KLOV SS Equity,648.83,6.07
DAN IM Equity,6103.13,8.355
DEQ GR Equity,1087.46,8.788
STERV FH Equity,2210.28,1.55
AGS LN Equity,7374.81,2.11
VWS DC Equity,535.56,8.886
WIE AV Equity,-3738.75,4.352
IGG LN Equity,702.38,4.677
LHC SJ Equity,-412.61,5.278
DEC FP Equity,5476.8,8.09
CHFUSD Curncy,692.83,1.581
ADEN VX Equity,-230.71,2.454
CA FP Equity,-2943.2,5.994
ERF FP Equity,0,5.213
LISN SW Equity,-4195.96,7.526
CHG LN Equity,777.21,3.729
ERA FP Equity,-2893.84,4.563
ABF LN Equity,-499.28,1.129
RHM GR Equity,-4057.8,8.605
CWC LN Equity,-2744.87,0.883
EVD GR Equity,150.46,0.391
BES PL Equity,150.58,4.913
CBK GR Equity,-1881.22,0.432
IPN FP Equity,-544.42,1.171
MRLBV FH Equity,-749.72,7.849
GATE SW Equity,-1040.01,0.69
HEIJM NA Equity,-730.98,5.443
EFGN SW Equity,3858.13,0.019
MOBN SW Equity,-1061.61,0.14
KCO GR Equity,-1871.19,0.396
NEO FP Equity,-948.53,3.534
III LN Equity,-3359.48,2.04
TFI FP Equity,6150.11,1.155
GLPR LI Equity,949.32,4.844
MCRO LN Equity,-844.9,5.9
YOOX IM Equity,1817.17,7.572
IFX GR Equity,1168.93,5.174
STAN LN Equity,-3560.84,2.656
ASML NA Equity,-1549.85,4.393
CKSN LN Equity,934.19,2.296
EDN IM Equity,-875.97,8.727
CEY LN Equity,1220.79,7.498
STJ LN Equity,1405.05,2.223
DBG FP Equity,-1001.47,2.578
ECM LN Equity,-854.65,5.198
BSS IM Equity,1511.18,8.205
RSW LN Equity,-1934.4,2.851
ADM LN Equity,-822.72,4.723
SSABA SS Equity,-2544.42,7.705
AHT LN Equity,-65.25,0.903
SCVB SS Equity,-2254.34,4.799
MSY LN Equity,-1045.71,2.822
KRN GR Equity,447.74,7.909
EBS AV Equity,-304.09,9.243
SCH NO Equity,-472.29,8.704
TL5 SM Equity,-2235.55,9.725
DCG LN Equity,7207.87,1.659
ESSR LN Equity,-1791.27,6.296
JMT PL Equity,-1295.93,5.137
LOOMB SS Equity,2197.87,1.48
HEI GR Equity,-413.4,8.871
NEX LN Equity,532.1,5.097
AVM LN Equity,-896.94,4.345
PAP LN Equity,-910.09,6.739
MGCR LN Equity,3521.34,2.879
VKE SJ Equity,-669.68,4.875
DIA IM Equity,-1344.07,7.866
HDD GR Equity,-1464.71,1.328
WIN GR Equity,767.94,2.105
IJ SS Equity,1442.9,8.542
EKTAB SS Equity,3341.02,5.683
PSN LN Equity,2545.18,8.054
SRN IM Equity,913.05,5.806
TEMN SW Equity,-528.75,4.166
CWI AV Equity,644.27,8.079
DAI GR Equity,-662.68,9.229
KUD SW Equity,-5347.05,0.141
NOKUSD Curncy,5816.92,3.722
ACS SM Equity,-78.32,4.366
PAG LN Equity,2134.08,6.548
PRA GR Equity,749.2,3.517
ALPH SW Equity,-2013.06,7.51
SEKUSD Curncy,-5514.46,4.904
ASM NA Equity,-1792.78,8.31
ETO LN Equity,891.82,3.369
BLNX LN Equity,-1628.88,6.203
BRBY LN Equity,870.39,1.222
RPC LN Equity,-3184,2.985
AAL LN Equity,807.5,5.194
DMGT LN Equity,-425.98,8.508
EO FP Equity,-1393.97,0.064
BVIC LN Equity,8323.92,1.23
CDI FP Equity,-569.93,7.517
SFL IM Equity,-480.44,9.273
KFX LN Equity,1160.47,8.858
KUNN SW Equity,1288.22,7.978
MONY LN Equity,5778.61,8.716
SAB LN Equity,-4416.6,1.374
NWR LN Equity,-701.49,0.143
HGM LN Equity,552.37,3.431
RPS LN Equity,-992.03,0.261
LMI LN Equity,-557.81,0.983
SREN VX Equity,-894.99,6.788
MOBN1 SW Equity,810.03,5.535
SMDS LN Equity,3128.66,1.445
LIAB SS Equity,-1239.1,8.031
RAL FP Equity,-1301.62,9.286
ARCHER NO Equity,-1703.59,2.694
RAND NA Equity,-2568.34,7.338
SIE GR Equity,7458.16,5.927
HEIO NA Equity,2826.78,0.767
WAVIN NA Equity,-2682.01,3.239
ARYN SW Equity,-549.4,9.744
ACTI SS Equity,4022.28,1.028
CPG LN Equity,412.6,7.256
SKG LN Equity,-1959.57,9.2
STM FP Equity,1340.9,0.678
ATEA NO Equity,4093.55,4.175
RHI AV Equity,857.2,1.512
VOLVB SS Equity,-3694.27,4.686
TBS SJ Equity,-2555.52,7.912
BAER VX Equity,-1034.95,7.261
SGSN VX Equity,-3034.17,3.123
HSV LN Equity,2344.73,8.645
CSR LN Equity,1558.59,8.961
UCB BB Equity,-3894.85,7.253
ALV GR Equity,-970.44,7.364
UG FP Equity,470.39,7.19
MAN GR Equity,-5206.15,4.138
AF FP Equity,-1450.75,5.432
UHR VX Equity,-1708.05,8.671
DIA SM Equity,1032.99,3.116
RIO LN Equity,659.51,2.334
ORNBV FH Equity,-56.5,2.779
NEX FP Equity,3115.23,2.379
ANG SJ Equity,2129.86,9.871
B5A GR Equity,2103.49,6.571
DES LN Equity,3698.02,3.808
HGG LN Equity,-1276.46,6.514
AGN NA Equity,-3783.75,7.018
SNT SJ Equity,5504.73,7.417
TATE LN Equity,-649.83,9.058
IAG SM Equity,174.07,1.833
AIP SJ Equity,183.18,2.554
GAM SW Equity,429.04,5.799
CAP FP Equity,-579.18,6.726
DWNI GR Equity,-51.86,7.325
AGFB BB Equity,2559.47,8.963
IDH LN Equity,617.13,0.39
A2A IM Equity,1021.47,2.609
SAP GR Equity,-4145.28,0.854
BAS GR Equity,-2038.01,2.787
ULE LN Equity,-333.44,9.775
BWY LN Equity,2099.51,1.092
EXO IM Equity,-1249.47,8.932
OTE1V FH Equity,812.6,4.501
PSM GR Equity,560.97,0.505
UPM1V FH Equity,-949.09,7.352
SYV SM Equity,-65.05,9.21
BAR BB Equity,-1013.22,0.249
WIHL SS Equity,1518.51,5.619
BSY LN Equity,621.98,2.846
WEIR LN Equity,1735.16,4.47
CAI AV Equity,6125.74,7.07
HMSO LN Equity,-4789.06,1.31
FRE GR Equity,-5501.61,3.013
MRO LN Equity,2765.07,6.465
LXS GR Equity,184.39,0.859
MAERSKB DC Equity,-151.89,0.178
EURSEK Curncy,3112.44,9.473
DEZ GR Equity,5519.7,3.974
KAZ LN Equity,-1450.18,1.988
MDC SJ Equity,619.95,9.861
DTC SJ Equity,1884.46,8.885
ARCAD NA Equity,-2140.6,8.496
AKER NO Equity,2055.08,7.066
IRV LN Equity,7.07,2.719
SAABB SS Equity,799.78,4.978
LAM LN Equity,-3262.66,9.677
PIC LN Equity,5259.24,6.295
AVI SJ Equity,1071.49,6.867
SO IM Equity,-3143.15,8.124
ROR LN Equity,-1119.97,2.888
IPR LN Equity,-1811.25,9.128
RGU LN Equity,685.29,1.459
AUL LN Equity,-411.87,5.506
DUFN SW Equity,2258.67,4.851
LTO IM Equity,0,3.263
NDA SS Equity,4289.44,6.704
MHG NO Equity,-881.74,2.914
SBRY LN Equity,-4353.05,1.259
LHA GR Equity,1197.86,1.088
DNO NO Equity,1985.59,0.075
AH NA Equity,3969.5,6.226
DSY FP Equity,235.47,2.505
RR/ LN Equity,622.81,2.332
ZAG AV Equity,-1931.83,5.324
PPC SJ Equity,0,4.332
LG FP Equity,-1813.81,1.445
BGC LN Equity,-4425.01,4.241
BET LN Equity,3.3,1.372
TLSN SS Equity,578.71,5.496
GRONT NA Equity,5555.76,4.15
VOS GR Equity,1211.5,6.589
TIE1V FH Equity,520.23,3.999
BB FP Equity,-2458.26,9.445
MNDI LN Equity,607.98,9.184
FRES LN Equity,-1981.02,7.235
QQ/ LN Equity,-3453.84,9.16
SDR LN Equity,-2561.54,9.146
CTN GR Equity,-2970.87,6.089
ITX SM Equity,715.89,2.638
OPERA NO Equity,-22.67,9.071
DNO LN Equity,-38.41,3.275
DRX LN Equity,-2049.43,2.216
GMM GR Equity,-1724.45,7.2
HO FP Equity,458.29,4.64
RBI AV Equity,-2478.26,7.124
MARS LN Equity,1310.18,2.19
LNZ AV Equity,-2705.1,0.726
HOME LN Equity,-1348.29,9.022
GBPEUR Curncy,0.26,5.045
BOY LN Equity,-2234.1,5.267
PTEC LN Equity,-2473.17,1.821
EI FP Equity,0,9.505
BARC LN Equity,-565.05,7.207
AREVA FP Equity,1224.73,4.194
ELUXB SS Equity,479.92,3.179
IQE LN Equity,5.25,7.287
EVR LN Equity,-1264.51,0.824
SCHP VX Equity,-1436.82,2.338
ASHM LN Equity,-1386.92,8.527
LR FP Equity,880.51,2.643
GPX LN Equity,-4132.23,2.459
INVP LN Equity,2644.47,4.405
FPE3 GR Equity,619.84,7.354
EGPW IM Equity,160.09,4.216
ZIL2 GR Equity,-459.27,0.728
SEKEUR Curncy,1860.17,5.721
THR BB Equity,1031.74,7.992
DL NA Equity,259.43,5.348
BRI PL Equity,-2775.52,0.397
TEL2B SS Equity,2848.72,3.198
BUMI LN Equity,-3449.87,6.992
SKFB SS Equity,-264.02,7.899
HEXAB SS Equity,-610.1,7.259
EVRZ LI Equity,2289.49,3.572
FLTR LN Equity,-2311.26,0.337
DUE GR Equity,-1310.76,0.632
PFD LN Equity,-1127.89,9.136
WG/ LN Equity,-130.64,4.871
EMG LN Equity,-3701.34,9.033
DBK GR Equity,4131.56,3.47
MN IM Equity,-222.36,3.424
JM SS Equity,-3966.38,7.318
QIA GR Equity,0,2.97
ASR SJ Equity,4766.27,6.723
MOBB BB Equity,0,9.485
HOC LN Equity,-281.87,5.065
KLED SS Equity,1569.57,4.321
GLB LN Equity,1978,0.622
VCT FP Equity,-4958.91,3.807
FER SM Equity,2451.32,3.068
TCY LN Equity,-2619.43,1.869
IPF LN Equity,-76.74,1.249
ABL SJ Equity,-134.03,9.683
PRS IM Equity,-2403.02,0.867
NPN SJ Equity,4430.58,0.732
MAU FP Equity,4150.3,3.76
RMS FP Equity,-66.93,1.617
DSM NA Equity,4025.61,6.793
RTRKS FH Equity,27.66,7.511
PCI LN Equity,1354.35,1.761
WDH DC Equity,-2864.77,7.857
TCG LN Equity,5014.58,5.956
KOA NO Equity,1031.86,2.088
BALN VX Equity,1851.53,2.625
TKA GR Equity,-1456.85,6.461
GBPUSD Curncy,-5536.4,5.944
BILL SS Equity,1184.95,5.722
DSV DC Equity,-4964.46,9.334
SOON VX Equity,-757.52,9.898
SXS LN Equity,-2327.72,3.434
APAM NA Equity,-2929.54,2.651
APR LN Equity,-590.04,0.249
AZA SS Equity,-2076.57,3.28
RUI FP Equity,-3256.71,2.374
SAND SS Equity,2178.23,1.754
SPP SJ Equity,3450.82,0.599
INDI LN Equity,41.17,9.882
HFD LN Equity,-1362.65,9.604
WDI GR Equity,-2176.02,7.034
DIE BB Equity,-5188.49,2.617
AFR LN Equity,-2086.62,8.538
BWO NO Equity,429.55,7.53
KESA LN Equity,-2273.63,3.68
PC IM Equity,1765.96,1.671
MEL SM Equity,212.19,9.994
CIU LN Equity,-1528.61,9.398
GIB GR Equity,4043.65,6.382
VOE AV Equity,-1092.11,0.725
RDF SJ Equity,-701.03,9.001
SUN SW Equity,-530.02,6.824
SIA LN Equity,0,1.439
DRI GR Equity,-544.44,4.107
SU FP Equity,-2890.93,7.361
NOVOB DC Equity,-757.77,9.125
GRI LN Equity,-421.38,1.552
FENR LN Equity,-2529.9,0.058
WHL SJ Equity,-3079.53,4.98
MND SJ Equity,147.47,2.13
DPB GR Equity,2091.9,5.554
CLS1 GR Equity,-53.8,1.638
KD8 GR Equity,2895.47,6.179
BRSN LN Equity,-2571.34,6.05
ZC FP Equity,-738.62,8.317
DLG GR Equity,1502.01,9.967
ATO FP Equity,-863.72,4.626
BLVN LN Equity,-2876.39,9.91
RLO SJ Equity,-473.05,8.323
PEABB SS Equity,-853.25,3.422
HSX LN Equity,-2372.77,5.977
CSGN VX Equity,-500.74,7.58
TEF SM Equity,-3797.71,5.308
LEY FP Equity,1237.41,4.99
NHM SJ Equity,1059.24,6.642
ENRC LN Equity,2988.85,7.638
IIA AV Equity,-1006.65,1.408
TEG GR Equity,3480.89,2.589
SRS IM Equity,-479.89,0.771
CLN VX Equity,-925.11,3.273
VIE FP Equity,-1624.53,3.74
HOT GR Equity,141.51,1.21
F IM Equity,-2585.19,9.115
KBC GR Equity,1273.62,2.521
SECUB SS Equity,-2622.39,9.72
TW/ LN Equity,7143.28,3.848
GET FP Equity,-783.88,7.639
WES NA Equity,-82.54,7.181
PMO LN Equity,2396.59,1.962
VK FP Equity,-1042.06,6.557
SFER IM Equity,-2644.43,0.437
SEV FP Equity,-900.33,9.959
SNR LN Equity,3008.19,0.151
EURUSD Curncy,2733.76,6.381
AMG NA Equity,-43.83,4.571
AZN LN Equity,293963.55,0.064
CT SP Equity,33385.52,3.004
GAS SM Equity,63740.05,1.77
WESN AU Equity,11078.71,9.607
DEXB BB Equity,36559.06,4.896
LR FP Equity,-5647.37,0.31
ERA FP Equity,13385.49,7.961
PNL NA Equity,55086.02,6.037
GPS US Equity,10239.97,9.895
6479 JP Equity,-14004.11,4.072
DHR US Equity,-85818.22,6.851
9531 JP Equity,20231.2,3.113
GSK LN Equity,15602.98,2.506
PPL CN Equity,105878.32,9.405
CPB AU Equity,56135.88,9.961
JEF US Equity,-165291.41,8.97
TWC US Equity,-21759.77,3.32
HPQ US Equity,44031,3.642
HLF US Equity,-134966.34,3.214
IVN CN Equity,-227620.63,3.362
ALPHA GA Equity,-151920.84,0.778
330 HK Equity,-90015.61,8.66
PUB FP Equity,10446.74,3.324
PLT IM Equity,-128652.17,9.425
IFC CN Equity,14070.87,0.969
KSU US Equity,19605.42,3.122
AF FP Equity,204746.56,4.47
LTD US Equity,27698.62,8.58
BARN SW Equity,6.9,3.797
PHM US Equity,14717.39,1.881
PNDORA DC Equity,63111.68,7.995
RTRKS FH Equity,-186583.98,7.416
TATE LN Equity,-117358.56,4.387
HSE CN Equity,22375.28,3.573
RYA LN Equity,-17483.73,2.338
PGHN SW Equity,44627.55,1.673
BCP PL Equity,-193533.14,2.82
NESN VX Equity,32087.09,6.482
PPC GA Equity,-123797.14,0.112
CCT SP Equity,-78351.61,2.742
NOC US Equity,-19857.51,3.211
ESRX US Equity,16628.85,1.952
LMT US Equity,-48952.78,9.453
ADM US Equity,-44091.98,4.189
HGSI US Equity,74683.09,8.616
BSLR AU Equity,18006.82,1.202
LOW US Equity,-166.91,8.821
DTV US Equity,18457.39,8.257
MMT FP Equity,-91319.78,9.685
BSL AU Equity,15997.21,3.018
LBTYA US Equity,-66904.27,0.499
TUI1 GR Equity,29231.45,2.712
142 HK Equity,22595.17,2.997
TWX US Equity,16563.71,8.453
PBN CN Equity,21816.93,2.708
PG US Equity,45172.43,7.017
OUT1V FH Equity,13520.34,4.064
7003 JP Equity,8597.51,8.58
EUROB GA Equity,28902.42,6.869
MGGT LN Equity,-28400.58,2.062
PDN AU Equity,14183.87,7.301
LMCA US Equity,32600.35,9.169
BOC GA Equity,34039.91,7.066
TL5 SM Equity,36319.76,1.019
8136 JP Equity,-12098.47,4.437
DLR US Equity,44914.52,2.532
GEBN VX Equity,51973.67,2.942
SAN FP Equity,35907.18,8.299
LUPE SS Equity,-8111.64,7.981
FWLT US Equity,59032.63,5.97
ORI US Equity,-27416.38,9.029
WPI US Equity,-28393.13,4.594
HR-U CN Equity,22773.88,3.677
REC NO Equity,42841.05,8.689
CMCSK US Equity,-36526.29,4.198
